{
  "GET Reserva no Restaurante" : {
    "transaction" : "GET Reserva no Restaurante",
    "sampleCount" : 96,
    "errorCount" : 96,
    "errorPct" : 100.0,
    "meanResTime" : 195.09375000000009,
    "medianResTime" : 164.0,
    "minResTime" : 155.0,
    "maxResTime" : 883.0,
    "pct1ResTime" : 185.6,
    "pct2ResTime" : 537.3499999999998,
    "pct3ResTime" : 883.0,
    "throughput" : 3.415276246042193,
    "receivedKBytesPerSec" : 2.6930598295919457,
    "sentKBytesPerSec" : 0.8171315237112668
  },
  "GET Reservas" : {
    "transaction" : "GET Reservas",
    "sampleCount" : 98,
    "errorCount" : 0,
    "errorPct" : 0.0,
    "meanResTime" : 177.25510204081638,
    "medianResTime" : 166.0,
    "minResTime" : 157.0,
    "maxResTime" : 449.0,
    "pct1ResTime" : 200.3,
    "pct2ResTime" : 232.05,
    "pct3ResTime" : 449.0,
    "throughput" : 3.483825097760398,
    "receivedKBytesPerSec" : 3.6324097938144333,
    "sentKBytesPerSec" : 0.7722932589761821
  },
  "DELETE Reserva no Restaurante" : {
    "transaction" : "DELETE Reserva no Restaurante",
    "sampleCount" : 95,
    "errorCount" : 0,
    "errorPct" : 0.0,
    "meanResTime" : 181.54736842105254,
    "medianResTime" : 159.0,
    "minResTime" : 154.0,
    "maxResTime" : 569.0,
    "pct1ResTime" : 188.60000000000002,
    "pct2ResTime" : 319.39999999999674,
    "pct3ResTime" : 569.0,
    "throughput" : 3.3772974510291873,
    "receivedKBytesPerSec" : 2.2952291229691775,
    "sentKBytesPerSec" : 0.8245355105051726
  },
  "GET Tipo de Cozinha Restaurantes" : {
    "transaction" : "GET Tipo de Cozinha Restaurantes",
    "sampleCount" : 98,
    "errorCount" : 0,
    "errorPct" : 0.0,
    "meanResTime" : 194.12244897959187,
    "medianResTime" : 161.0,
    "minResTime" : 155.0,
    "maxResTime" : 959.0,
    "pct1ResTime" : 201.10000000000002,
    "pct2ResTime" : 408.0,
    "pct3ResTime" : 959.0,
    "throughput" : 3.4732066912390134,
    "receivedKBytesPerSec" : 2.8995765921817407,
    "sentKBytesPerSec" : 0.8276000318967961
  },
  "POST Restaurantes" : {
    "transaction" : "POST Restaurantes",
    "sampleCount" : 98,
    "errorCount" : 98,
    "errorPct" : 100.0,
    "meanResTime" : 174.46938775510205,
    "medianResTime" : 161.0,
    "minResTime" : 153.0,
    "maxResTime" : 440.0,
    "pct1ResTime" : 179.3,
    "pct2ResTime" : 226.24999999999955,
    "pct3ResTime" : 440.0,
    "throughput" : 3.41951917373251,
    "receivedKBytesPerSec" : 2.939739697826163,
    "sentKBytesPerSec" : 1.3357496772392616
  },
  "GET Restaurantes" : {
    "transaction" : "GET Restaurantes",
    "sampleCount" : 98,
    "errorCount" : 98,
    "errorPct" : 100.0,
    "meanResTime" : 184.27551020408174,
    "medianResTime" : 160.0,
    "minResTime" : 153.0,
    "maxResTime" : 659.0,
    "pct1ResTime" : 200.20000000000002,
    "pct2ResTime" : 407.5,
    "pct3ResTime" : 659.0,
    "throughput" : 3.419638495359062,
    "receivedKBytesPerSec" : 2.9417505583083257,
    "sentKBytesPerSec" : 0.7213299951148021
  },
  "POST Reserva no Restaurante" : {
    "transaction" : "POST Reserva no Restaurante",
    "sampleCount" : 98,
    "errorCount" : 98,
    "errorPct" : 100.0,
    "meanResTime" : 177.50000000000009,
    "medianResTime" : 162.0,
    "minResTime" : 155.0,
    "maxResTime" : 661.0,
    "pct1ResTime" : 196.3,
    "pct2ResTime" : 235.2,
    "pct3ResTime" : 661.0,
    "throughput" : 3.5046311196938813,
    "receivedKBytesPerSec" : 2.777246942388156,
    "sentKBytesPerSec" : 1.6325283633730285
  },
  "GET Nome Restaurantes" : {
    "transaction" : "GET Nome Restaurantes",
    "sampleCount" : 98,
    "errorCount" : 98,
    "errorPct" : 100.0,
    "meanResTime" : 177.97959183673467,
    "medianResTime" : 163.5,
    "minResTime" : 154.0,
    "maxResTime" : 323.0,
    "pct1ResTime" : 206.2000000000001,
    "pct2ResTime" : 311.05,
    "pct3ResTime" : 323.0,
    "throughput" : 3.4180879634473857,
    "receivedKBytesPerSec" : 2.785234862753305,
    "sentKBytesPerSec" : 0.8044523429597852
  },
  "POST Avaliação do Restaurante" : {
    "transaction" : "POST Avaliação do Restaurante",
    "sampleCount" : 95,
    "errorCount" : 95,
    "errorPct" : 100.0,
    "meanResTime" : 204.8842105263158,
    "medianResTime" : 165.0,
    "minResTime" : 156.0,
    "maxResTime" : 946.0,
    "pct1ResTime" : 223.40000000000015,
    "pct2ResTime" : 529.3999999999994,
    "pct3ResTime" : 946.0,
    "throughput" : 3.3488437676254934,
    "receivedKBytesPerSec" : 2.665614920420897,
    "sentKBytesPerSec" : 1.4454970168852228
  },
  "GET Avaliações" : {
    "transaction" : "GET Avaliações",
    "sampleCount" : 94,
    "errorCount" : 0,
    "errorPct" : 0.0,
    "meanResTime" : 205.21276595744683,
    "medianResTime" : 168.0,
    "minResTime" : 157.0,
    "maxResTime" : 700.0,
    "pct1ResTime" : 285.5,
    "pct2ResTime" : 544.25,
    "pct3ResTime" : 700.0,
    "throughput" : 3.3114915803565137,
    "receivedKBytesPerSec" : 3.172572416860424,
    "sentKBytesPerSec" : 0.740558175685197
  },
  "Total" : {
    "transaction" : "Total",
    "sampleCount" : 1169,
    "errorCount" : 686,
    "errorPct" : 58.682636,
    "meanResTime" : 302.43199315654414,
    "medianResTime" : 165.0,
    "minResTime" : 153.0,
    "maxResTime" : 15909.0,
    "pct1ResTime" : 614.0,
    "pct2ResTime" : 667.0,
    "pct3ResTime" : 1350.3999999999855,
    "throughput" : 22.86328965382359,
    "receivedKBytesPerSec" : 19.60411497041854,
    "sentKBytesPerSec" : 6.442256564150205
  },
  "DELETE Restaurantes" : {
    "transaction" : "DELETE Restaurantes",
    "sampleCount" : 103,
    "errorCount" : 103,
    "errorPct" : 100.0,
    "meanResTime" : 1472.7378640776697,
    "medianResTime" : 666.0,
    "minResTime" : 628.0,
    "maxResTime" : 15909.0,
    "pct1ResTime" : 1833.4000000000037,
    "pct2ResTime" : 7682.999999999995,
    "pct3ResTime" : 15836.51999999999,
    "throughput" : 2.0144729121846274,
    "receivedKBytesPerSec" : 1.7413486456092313,
    "sentKBytesPerSec" : 0.4760766061998826
  },
  "GET Localizacao Restaurantes" : {
    "transaction" : "GET Localizacao Restaurantes",
    "sampleCount" : 98,
    "errorCount" : 0,
    "errorPct" : 0.0,
    "meanResTime" : 211.55102040816328,
    "medianResTime" : 161.5,
    "minResTime" : 154.0,
    "maxResTime" : 1100.0,
    "pct1ResTime" : 218.20000000000206,
    "pct2ResTime" : 463.1499999999996,
    "pct3ResTime" : 1100.0,
    "throughput" : 3.43690818545276,
    "receivedKBytesPerSec" : 3.413139707687452,
    "sentKBytesPerSec" : 0.8458016237637652
  }
}